NO_MUNICIPIO;CO_MUNICIPIO;POP_Censo_2010;POP_Censo_2022;QT_MAT_INF_19;QT_MAT_INF_20;QT_MAT_INF_21;QT_MAT_INF_22;QT_MAT_FUND_19;QT_MAT_FUND_20;QT_MAT_FUND_21;QT_MAT_FUND_22;QT_MAT_EJA_FUND_19;QT_MAT_EJA_FUND_20;QT_MAT_EJA_FUND_21;QT_MAT_EJA_FUND_22;QT_MAT_ESP_19;QT_MAT_ESP_20;QT_MAT_ESP_21;QT_MAT_ESP_22;QT_MAT_INF_INT_19;QT_MAT_INF_INT_20;QT_MAT_INF_INT_21;QT_MAT_INF_INT_22;QT_MAT_FUND_INT_19;QT_MAT_FUND_INT_20;QT_MAT_FUND_INT_21;QT_MAT_FUND_INT_22
Abaíra;2900108;8.324; 7.290 ;208;221;222;226;827;788;764;757;19;32;43;18;42;39;51;62;0;0;0;0;0;0;19;0
Abaré;2900207;17.072; 18.766 ;792;812;718;838;2993;2959;2939;2861;253;222;63;126;39;44;49;67;0;0;0;0;0;0;0;0
Acajutiba;2900306;14.830; 13.715 ;536;686;599;481;2021;2400;2039;1929;216;240;218;171;64;89;77;91;387;416;446;361;366;353;357;298
Adustina;2900355;15.706; 14.166 ;434;483;404;501;1966;1980;1865;1758;236;187;133;450;35;37;34;95;0;0;0;0;136;1;0;22
Água Fria;2900405;15.726; 17.398 ;618;641;689;605;2122;2077;2187;2098;269;244;262;191;112;103;108;131;86;77;94;98;223;0;0;34
Aiquara;2900603;4.602; 4.566 ;183;183;249;257;569;552;572;589;97;91;134;473;22;26;25;44;0;0;0;6;73;0;1;20
Alagoinhas;2900702;142.160; 157.864 ;2650;5360;3200;3047;8566;20616;9501;9306;1212;1674;1427;1038;307;776;358;385;880;891;1152;1093;553;345;10;415
Alcobaça;2900801;21.319; 23.633 ;836;929;841;891;3856;3972;3884;3844;411;377;394;442;510;504;479;451;91;85;174;218;757;0;0;174
Almadina;2900900;6.360; 5.195 ;214;208;227;250;720;661;653;625;111;120;98;82;13;16;12;25;135;110;152;162;433;0;0;0
Amargosa;2901007;34.340; 36.260 ;1319;1564;1514;1555;3420;4878;3755;3710;301;547;325;226;274;307;285;348;634;636;768;838;223;238;335;404
Amélia Rodrigues;2901106;25.190; 23.639 ;883;1101;857;827;2488;3325;2502;2385;361;348;318;229;135;145;157;172;474;501;611;482;2417;2393;2502;2350
América Dourada;2901155;15.952; 15.104 ;892;916;1009;945;2469;2377;2405;2386;131;218;195;226;44;220;219;183;127;104;99;82;1271;183;99;124
Anagé;2901205;25.500; 25.452 ;681;680;595;624;2820;2742;2703;2559;173;129;489;302;105;110;147;147;197;182;167;202;200;313;203;192
Andaraí;2901304;13.948; 13.406 ;497;524;441;529;2110;2036;2028;1888;144;109;62;50;98;112;93;154;259;260;214;270;892;949;519;850
Andorinha;2901353;14.417; 15.011 ;558;660;646;656;1909;2213;1910;1772;435;353;1413;1483;131;116;145;207;320;332;482;496;0;0;0;1067
Angical;2901403;14.073; 14.973 ;605;567;664;640;2066;2089;2046;1981;88;0;122;59;50;54;67;71;0;0;0;101;0;0;0;0
Anguera;2901502;10.248; 11.019 ;382;397;428;405;1142;1227;1165;1099;277;141;251;330;44;50;47;42;10;9;11;10;0;0;0;1
Antas;2901601;17.078; 14.453 ;686;673;743;765;1383;1399;1331;1240;934;1144;1713;2379;62;59;93;135;390;360;478;483;165;77;0;28
Antônio Cardoso;2901700;11.548; 11.268 ;410;421;466;407;1793;1758;1827;1742;228;156;162;181;105;117;116;125;189;192;242;173;290;60;0;2
Antônio Gonçalves;2901809;11.019; 11.921 ;410;504;348;410;1386;1556;1331;1281;303;238;227;522;54;64;51;112;0;165;15;350;0;0;0;529
Aporá;2901908;17.720; 16.909 ;649;743;767;680;2355;2457;2342;2191;283;251;300;341;44;60;72;75;397;311;511;449;0;0;0;1
Apuarema;2901957;7.463; 6.900 ;295;287;301;302;1103;1048;1012;946;533;164;522;282;98;92;90;97;60;47;65;58;717;93;510;139
Araçás;2902054;11.569; 12.605 ;576;656;652;596;1849;1915;1799;1713;277;200;299;389;56;74;66;67;118;100;80;64;38;0;350;23
Aracatu;2902005;13.732; 13.819 ;597;554;623;620;1789;1759;1785;1706;91;79;48;42;53;48;40;71;220;154;309;376;879;0;106;181
Araci;2902104;51.636; 51.377 ;2148;2262;2281;2494;8343;8584;7831;7369;459;441;351;3258;400;442;445;342;337;299;344;408;160;0;0;228
Aramari;2902203;10.039; 9.781 ;374;459;388;302;1086;1302;1198;1124;327;139;93;99;101;156;63;62;0;0;0;3;3;0;0;54
Arataca;2902252;10.403; 8.219 ;303;254;294;311;1386;1354;1364;1230;318;213;264;188;95;97;112;107;0;0;0;113;0;0;0;1
Aratuípe;2902302;8.590; 10.006 ;326;415;415;412;981;1264;1136;1093;73;72;118;114;45;65;63;64;133;126;363;412;0;69;1061;1093
Aurelino Leal;2902401;13.599; 11.782 ;584;535;586;582;1936;2022;2050;1935;439;387;414;384;174;173;174;185;0;0;0;0;620;0;0;696
Baianópolis;2902500;13.863; 13.618 ;533;588;598;551;2207;2131;2015;1915;0;0;110;73;68;83;66;60;0;0;15;0;0;0;166;804
Baixa Grande;2902609;20.069; 17.880 ;589;644;613;622;2857;2932;2788;2585;218;208;207;165;126;137;123;118;186;219;202;216;104;0;0;1
Banzaê;2902658;11.811; 11.869 ;683;863;725;747;1717;2122;1425;1378;212;532;467;534;126;151;148;312;395;357;407;479;259;0;0;483
Barra;2902708;49.342; 50.543 ;2230;2398;2275;2192;9315;9543;9153;8579;246;296;232;211;258;310;248;268;582;561;574;556;1375;0;0;16
Barra da Estiva;2902807;21.190; 26.031 ;735;880;727;763;3258;3508;3252;3200;134;184;109;134;95;135;106;103;115;119;104;109;147;25;26;1
Barra do Choça;2902906;34.788; 40.025 ;1610;1849;1865;1738;5443;5618;5429;5361;1040;881;670;662;247;243;250;334;510;500;631;598;1;0;0;38
Barra do Mendes;2903003;13.997; 13.852 ;462;531;519;510;1823;2010;1815;1799;74;63;58;30;47;62;64;111;143;137;160;161;80;0;0;19
Barra do Rocha;2903102;6.336; 6.682 ;279;264;265;250;765;766;792;773;809;749;996;1474;41;52;49;65;102;87;128;131;333;287;325;248
Barreiras;2903201;137.428; 165.413 ;4295;5775;4667;5149;17850;22827;18485;18642;921;1134;842;996;700;858;728;786;896;971;950;1072;1746;1053;431;1234
Barro Alto;2903235;13.626; 13.761 ;507;519;524;537;1845;1846;1800;1726;0;22;0;0;63;109;103;115;166;161;190;265;113;0;0;1340
Barro Preto;2903300;6.453; 5.820 ;379;340;430;480;855;843;918;758;478;356;844;949;55;64;78;99;370;331;422;468;816;822;901;734
Barrocas;2903276;14.189; 15.396 ;682;774;784;677;2254;2375;2310;2154;214;229;231;177;51;64;42;37;213;205;225;189;417;619;128;129
Belmonte;2903409;21.838; 20.565 ;934;922;937;940;3397;3140;3270;2918;695;523;715;373;156;159;144;157;345;358;357;331;0;0;0;41
Belo Campo;2903508;16.026; 18.399 ;600;673;640;649;2425;2631;2402;2293;437;389;461;415;186;190;179;200;0;17;0;17;149;119;0;113
Biritinga;2903607;14.833; 15.151 ;710;677;675;680;2589;2671;2703;2407;708;465;869;1151;154;142;166;856;19;32;18;73;0;209;0;293
Boa Nova;2903706;15.409; 14.160 ;527;545;640;606;2219;2115;2030;1957;201;166;143;72;131;143;129;129;95;107;100;140;439;102;117;167
Boa Vista do Tupim;2903805;18.000; 19.320 ;545;563;619;576;3112;3005;2938;2722;132;139;141;121;68;82;73;89;205;198;220;210;461;42;51;0
Bom Jesus da Lapa;2903904;63.508; 74.040 ;3291;3671;3388;3142;9389;10910;9907;8842;2206;2409;2236;1533;328;501;326;309;266;92;114;117;2860;174;1;120
Bom Jesus da Serra;2903953;10.123; 9.572 ;329;348;341;344;1587;1532;1503;1412;40;72;100;53;32;37;39;39;91;125;22;124;0;0;0;0
Boninal;2904001;13.695; 13.653 ;480;556;546;536;1696;1740;1711;1698;44;0;0;0;126;129;114;103;0;0;0;11;21;0;20;0
Bonito;2904050;14.851; 15.837 ;716;762;741;765;2408;2513;2358;2281;179;263;161;137;51;106;89;278;185;62;238;232;444;31;32;445
Boquira;2904100;22.042; 20.588 ;567;769;685;605;2457;2539;2345;2320;91;37;14;33;93;122;95;106;0;57;0;52;71;121;33;79
Botuporã;2904209;11.162; 11.040 ;393;375;395;453;1398;1428;1489;1334;389;56;324;491;141;89;134;166;23;17;16;19;0;48;0;0
Brejões;2904308;14.282; 12.914 ;657;651;721;680;2119;2035;1950;1891;272;226;183;162;99;118;93;88;185;137;0;74;194;152;32;149
Brejolândia;2904407;11.127; 9.114 ;257;254;265;269;1201;1325;1200;1108;29;27;29;60;15;11;11;35;0;0;0;0;0;139;0;0
Brotas de Macaúbas;2904506;10.718; 12.467 ;448;438;455;457;1616;1637;1606;1593;34;34;66;43;18;36;38;80;135;128;104;141;0;0;0;81
Brumado;2904605;64.550; 70.268 ;1794;2706;2074;2052;6926;8532;6817;6774;461;707;480;325;152;331;262;320;1326;2003;1242;1800;5304;6718;6817;6751
Buerarema;2904704;18.622; 16.880 ;430;617;417;404;2045;2286;1892;1831;319;459;364;292;86;77;73;79;0;39;31;38;78;113;108;117
Buritirama;2904753;19.589; 19.514 ;879;938;874;904;3410;3290;3291;3120;168;148;157;98;55;78;44;42;257;277;255;273;0;0;0;0
Caatiba;2904803;11.448; 6.915 ;296;275;281;289;919;889;877;849;205;172;184;175;34;31;30;44;122;75;68;80;47;0;0;246
Cabaceiras do Paraguaçu;2904852;17.327; 19.432 ;788;842;945;847;2584;2605;2615;2461;362;279;537;526;57;74;83;127;0;1;0;10;0;17;0;442
Cachoeira;2904902;32.035; 31.982 ;829;1067;1127;1054;3561;4609;3422;3255;195;289;589;541;171;174;176;175;489;337;664;566;0;0;0;0
Caculé;2905008;22.231; 22.412 ;758;921;873;878;2568;2685;2537;2556;133;132;269;302;112;125;108;145;167;203;647;301;164;134;109;109
Caém;2905107;10.376; 10.360 ;488;392;567;556;1616;1647;1574;1352;78;79;82;285;81;82;95;95;239;170;370;309;88;60;16;342
Caetanos;2905156;13.666; 13.242 ;476;363;408;397;1707;1634;1679;1614;101;71;102;90;48;53;59;53;44;13;0;0;135;0;9;0
Caetité;2905206;47.524; 52.099 ;1469;1995;1403;1416;5112;7057;5548;5420;796;709;854;794;294;374;359;386;431;478;277;377;139;332;326;341
Cafarnaum;2905305;17.212; 17.975 ;712;838;719;694;2716;2889;2624;2543;160;135;67;64;81;93;93;117;47;50;0;559;105;103;0;794
Cairu;2905404;15.366; 17.591 ;1242;1303;1298;1415;2961;2963;2924;3070;333;375;359;405;83;93;80;129;534;455;556;665;95;23;0;9
Caldeirão Grande;2905503;12.485; 13.063 ;836;934;1029;1013;1937;2121;2045;1875;615;563;593;533;155;166;218;219;581;627;801;942;272;0;114;1875
Camacan;2905602;31.468; 22.460 ;735;814;692;694;3412;3726;3285;3176;635;486;520;499;137;141;146;174;507;463;505;448;0;0;15;149
Camaçari;2905701;242.984; 334.195 ;3730;9144;4488;4425;25514;36293;28370;29633;3133;2251;2019;1992;488;916;628;706;140;1279;272;247;1235;2549;1089;1028
Camamu;2905800;35.160; 30.480 ;1280;1519;1424;1356;5893;6304;5767;5278;360;351;443;546;240;251;213;188;312;352;410;352;250;0;0;69
Campo Alegre de Lourdes;2905909;28.091; 30.659 ;757;854;729;916;4645;4737;4581;4421;108;52;43;83;145;127;98;92;216;194;203;292;1645;0;0;0
Campo Formoso;2906006;66.638; 68.571 ;2596;3096;2877;2913;9380;10302;9359;9305;656;817;906;969;489;555;528;545;499;495;833;819;69;76;3;6
Canápolis;2906105;9.382; 10.225 ;440;400;430;425;1554;1536;1564;1461;82;70;60;0;51;47;50;46;129;124;162;138;0;0;1;0
Canarana;2906204;24.055; 23.491 ;1111;1273;1310;1250;3231;3650;3255;3273;368;265;304;231;292;355;293;394;763;849;995;843;1438;2680;3197;3273
Canavieiras;2906303;32.331; 33.080 ;1171;1366;959;988;4429;5023;4548;4388;618;656;767;777;250;224;179;203;206;223;158;199;92;55;62;103
Candeal;2906402;8.895; 7.785 ;296;280;322;276;962;950;900;877;135;119;88;48;17;28;23;23;80;66;116;66;0;0;0;0
Candeias;2906501;83.077; 77.026 ;2634;2968;2979;2412;7790;9661;8356;7966;1101;725;607;502;195;293;286;350;359;310;462;396;61;64;71;124
Candiba;2906600;13.205; 13.007 ;407;504;491;471;1742;1792;1625;1522;110;66;69;50;102;85;56;82;62;87;71;83;0;0;0;41
Cândido Sales;2906709;27.916; 25.278 ;915;1028;1064;991;4111;4394;3751;3414;988;890;880;794;141;136;153;197;161;141;399;194;1389;23;630;30
Cansanção;2906808;32.923; 39.475 ;1589;1704;1614;1812;5617;5746;5878;5111;2006;2839;5596;7894;447;489;659;906;237;212;272;280;1302;288;5840;2067
Canudos;2906824;15.755; 15.906 ;520;694;867;821;1888;2272;1960;1916;229;187;564;627;119;115;186;202;172;148;0;25;0;0;0;85
Capela do Alto Alegre;2906857;11.527; 10.754 ;237;281;217;274;1164;1255;1178;1144;185;141;95;73;123;125;125;116;0;0;0;0;0;1;0;4
Capim Grosso;2906873;26.529; 33.344 ;967;1538;1062;989;3701;4991;3551;3498;340;331;281;1124;218;303;227;283;459;451;474;505;428;0;0;136
Caraíbas;2906899;10.225; 9.938 ;433;426;425;388;1605;1480;1427;1287;73;64;61;55;82;80;75;77;1;0;0;0;332;0;203;402
Caravelas;2906907;21.437; 21.612 ;955;1040;959;1072;3164;3304;3209;2988;309;266;250;260;109;144;133;134;185;181;156;146;986;9;0;0
Cardeal da Silva;2907004;8.271; 8.376 ;353;396;392;383;1449;1438;1436;1366;328;313;301;274;32;30;53;55;0;0;0;4;0;0;0;12
Carinhanha;2907103;28.378; 28.869 ;917;981;902;898;4633;4672;4510;4272;376;296;380;321;349;363;376;431;135;119;120;137;0;1;1;393
Casa Nova;2907202;64.944; 71.572 ;2249;2495;2082;2078;9938;10576;10420;9982;800;476;533;447;287;314;326;347;551;497;522;517;4336;2463;23;118
Castro Alves;2907301;25.419; 24.700 ;856;1165;1062;1493;3193;3337;2940;2825;320;356;475;803;230;246;187;184;375;371;412;29;798;310;449;740
Catolândia;2907400;2.609; 3.480 ;174;180;168;150;532;524;548;533;11;13;29;7;27;28;27;25;0;0;0;0;0;0;0;0
Catu;2907509;51.075; 48.137 ;1264;1843;1394;1369;4452;6812;4843;4711;677;585;406;257;269;350;363;372;122;153;125;169;767;492;518;817
Caturama;2907558;8.847; 8.847 ;367;403;390;429;1019;986;999;1007;579;314;719;419;36;35;29;45;242;254;258;301;24;118;121;13
Central;2907608;17.027; 16.223 ;447;568;501;426;1983;2357;2004;1902;111;194;154;81;74;86;44;40;0;0;0;0;0;0;0;0
Chorrochó;2907707;10.734; 10.587 ;643;660;704;679;1704;1624;1606;1586;316;246;314;321;59;51;51;51;18;0;0;15;83;0;0;0
Cícero Dantas;2907806;32.304; 30.836 ;906;1205;966;874;3528;3827;2667;2789;791;1604;3972;4423;95;136;137;147;435;406;468;403;1645;314;528;1661
Cipó;2907905;15.764; 17.246 ;742;857;805;792;2553;2778;2593;2456;230;260;334;1872;108;106;116;107;87;102;149;109;0;0;0;0
Coaraci;2908002;20.964; 17.949 ;725;924;759;698;2265;2709;2113;1898;487;345;315;300;85;96;123;121;371;318;485;506;157;0;0;155
Cocos;2908101;18.182; 19.156 ;747;676;661;711;2925;2770;2760;2642;13;30;24;14;32;68;67;91;183;199;204;15;0;0;0;59
Conceição da Feira;2908200;20.408; 22.936 ;758;960;943;956;2642;2906;2630;2576;261;329;294;294;222;252;235;271;324;366;463;441;0;0;0;325
Conceição do Almeida;2908309;17.895; 15.401 ;444;611;461;464;1335;1648;1267;1282;181;169;213;277;61;68;56;77;197;81;53;103;34;0;0;7
Conceição do Coité;2908408;62.042; 70.202 ;1809;2874;2168;2004;5950;9787;6597;6857;404;831;441;360;348;550;491;529;272;276;428;563;304;1;0;190
Conceição do Jacuípe;2908507;30.123; 34.994 ;851;1319;970;986;3373;5205;3933;3958;245;174;118;215;123;136;153;169;635;596;701;723;1748;646;691;490
Conde;2908606;23.594; 24.433 ;1269;1364;1309;1250;3809;3779;3774;3627;806;713;643;476;181;191;184;201;84;49;60;100;0;51;0;387
Condeúba;2908705;16.888; 17.059 ;721;704;675;690;2301;2202;2157;2086;146;159;95;118;53;64;56;65;0;0;0;0;0;0;0;16
Contendas do Sincorá;2908804;4.663; 4.750 ;241;205;229;219;754;712;699;639;18;0;0;80;16;19;14;31;95;73;85;87;0;0;0;1
Coração de Maria;2908903;22.431; 28.340 ;717;922;911;911;3015;3467;3269;3100;413;349;439;551;98;123;99;118;183;172;235;255;389;25;0;96
Cordeiros;2909000;8.169; 7.555 ;344;341;394;391;942;913;871;832;0;0;0;0;39;48;41;40;115;127;151;111;0;0;0;0
Coribe;2909109;14.301; 14.158 ;678;487;512;608;2008;1958;1964;1877;88;41;0;27;56;64;53;47;0;0;0;0;269;0;0;46
Coronel João Sá;2909208;17.066;17.000(26);690;724;692;819;2649;2470;2480;2404;3745;3947;3884;4199;264;271;252;260;497;549;531;631;717;0;11;0
Correntina;2909307;31.259; 32.709 ;861;1080;1024;979;4790;4939;4654;4454;253;287;423;349;217;276;231;221;176;171;167;181;441;0;0;92
Cotegipe;2909406;13.638; 13.059 ;565;538;574;525;2132;2057;2061;1955;170;177;156;53;48;50;58;44;0;0;0;1;1;0;0;5
Cravolândia;2909505;5.042; 4.445 ;189;215;207;226;766;694;639;637;119;112;115;241;42;42;32;29;20;21;22;23;0;0;0;0
Crisópolis;2909604;20.056; 19.720 ;836;915;988;936;3041;2873;2892;2895;202;212;118;1169;88;89;90;291;117;147;155;389;208;203;202;1496
Cristópolis;2909703;13.280; 14.002 ;477;492;429;452;1985;1946;1961;1886;70;86;45;0;40;56;49;53;0;0;0;1;0;0;0;82
Cruz das Almas;2909802;58.584; 60.633 ;1662;2400;1921;1675;5731;8106;5767;5578;729;643;667;493;267;423;310;484;788;765;821;706;115;1;1;76
Curaçá;2909901;32.165; 33.603 ;1592;1690;1653;1683;5572;5565;5536;5487;256;269;185;272;255;264;247;276;578;632;608;622;1139;15;12;121
Dário Meira;2910008;12.841; 10.025 ;719;730;695;731;1671;1702;1687;1542;965;1132;1362;1294;194;202;209;231;531;534;520;551;125;136;167;242
Dias d'Ávila;2910057;66.373; 69.211 ;2735;3758;2797;2647;8930;11333;8582;8625;976;872;412;514;449;566;408;487;2735;2808;2797;2647;92;104;1812;2106
Dom Basílio;2910107;11.355; 11.905 ;339;404;512;491;1577;1412;1468;1434;65;156;71;94;91;118;113;151;0;0;0;11;634;0;396;71
Dom Macedo Costa;2910206;3.873; 4.418 ;175;172;204;202;464;580;564;539;122;77;68;44;42;49;46;39;118;124;147;136;0;0;0;43
Elísio Medrado;2910305;7.952; 7.782 ;301;356;409;375;852;965;836;828;200;219;557;522;116;151;152;163;266;277;409;375;385;328;60;180
Encruzilhada;2910404;23.786; 19.111 ;720;763;729;798;3242;3182;3095;2859;376;388;431;451;137;142;127;137;415;329;320;295;583;1;0;1
Entre Rios;2910503;39.883; 38.880 ;1164;1670;1417;1185;5030;6184;4989;4662;1023;898;898;608;86;127;123;138;60;0;103;429;291;607;122;418
Érico Cardoso;2900504;10.855; 10.581 ;298;333;377;317;1230;1225;1253;1132;459;310;559;471;41;48;63;66;0;0;0;0;2;0;0;18
Esplanada;2910602;33.278; 34.033 ;937;1278;1113;1149;4398;4964;4267;4117;620;900;799;597;93;127;104;120;246;284;438;387;561;0;0;24
Euclides da Cunha;2910701;56.312; 65.187 ;2501;2842;2532;2398;8025;9166;7799;7616;862;682;655;3013;204;274;213;1120;993;871;946;1051;1656;481;162;1033
Eunápolis;2910727;100.246; 112.477 ;2809;4034;2850;3006;13728;17181;14921;13722;1652;1573;1872;1509;785;875;808;841;532;605;636;654;753;1;0;256
Fátima;2910750;17.652; 17.899 ;672;666;714;711;2259;2289;2137;2089;127;197;921;1595;60;76;79;105;0;0;0;13;378;0;0;57
Feira da Mata;2910776;6.179; 5.618 ;275;282;245;277;651;652;672;667;52;41;37;38;142;144;112;114;0;0;0;0;0;0;0;0
Feira de Santana;2910800;556.756; 652.592 ;10368;18108;10871;10935;35146;78349;36102;39202;3847;7207;2791;3277;2889;4648;2722;3040;1458;1287;0;933;97;973;381;1977
Filadélfia;2910859;16.749; 17.892 ;354;712;658;675;2455;2721;2668;2393;122;151;381;928;210;243;220;235;94;410;452;675;907;1310;2038;2383
Firmino Alves;2910909;5.385; 5.925 ;178;189;193;181;762;707;696;684;115;120;108;123;44;51;40;61;0;0;0;0;0;0;0;2
Floresta Azul;2911006;10.660; 11.068 ;290;361;352;299;1127;1273;1190;1186;234;233;224;77;40;49;60;111;120;131;143;137;344;0;102;345
Formosa do Rio Preto;2911105;22.534; 25.185 ;670;963;788;636;3526;3962;3661;3579;249;187;195;179;128;163;144;134;0;0;0;8;524;0;0;246
Gandu;2911204;30.329; 29.776 ;741;1127;743;815;3864;4444;3806;3608;582;511;362;384;159;195;185;189;107;111;134;186;188;98;90;156
Gavião;2911253;4.561; 4.357 ;221;175;286;266;527;482;511;474;132;57;279;277;53;53;30;41;0;0;0;32;78;0;51;316
Gentio do Ouro;2911303;10.720; 11.896 ;446;453;430;474;1560;1469;1510;1432;32;56;29;24;116;121;102;90;0;0;0;0;36;0;0;0
Glória;2911402;15.073; 16.698 ;581;715;584;601;2185;2506;2206;2162;90;193;114;95;118;160;129;149;0;0;0;96;0;0;1;38
Gongogi;2911501;8.344; 5.549 ;302;288;325;305;851;806;790;807;253;180;393;607;190;176;172;191;0;0;0;0;0;0;0;0
Governador Mangabeira;2911600;19.826; 20.604 ;733;829;821;851;2895;3203;3068;2837;366;414;414;429;55;156;75;89;0;0;59;32;1;0;493;11
Guajeru;2911659;10.383; 8.054 ;195;191;221;241;983;907;902;882;97;91;59;32;52;73;66;63;0;0;0;0;0;0;0;39
Guanambi;2911709;78.801; 87.580 ;2160;3549;2440;2344;9464;11831;9326;9474;707;761;565;646;594;723;725;954;271;278;323;626;28;143;0;429
Guaratinga;2911808;22.195; 20.338 ;590;614;567;600;2824;2690;2872;2558;197;162;217;240;428;381;342;262;121;111;186;0;0;0;0;13
Heliópolis;2911857;12.444; 12.301 ;479;499;541;494;1641;1684;1569;1471;256;255;241;688;70;80;71;92;41;22;19;60;672;0;78;200
Iaçu;2911907;25.735; 25.178 ;961;1015;1444;1226;3685;3798;3647;3467;367;346;814;670;520;596;516;475;363;362;759;610;1217;362;599;730
Ibiassucê;2912004;10.077;10.426(27);197;194;204;282;1212;1174;1181;1155;143;109;92;60;34;43;40;46;0;0;0;0;0;0;0;3
Ibicaraí;2912103;24.241; 21.688 ;699;829;644;626;2038;3134;1994;2079;319;370;410;396;276;429;280;269;318;302;321;347;192;0;1;171
Ibicoara;2912202;17.301; 20.874 ;837;877;880;969;3090;3218;3217;3197;356;275;123;172;159;220;203;226;0;14;0;67;0;0;0;205
Ibicuí;2912301;15.786; 13.791 ;469;519;530;543;1837;1805;1761;1697;152;104;58;80;104;95;81;221;163;146;178;192;0;0;0;362
Ibipeba;2912400;17.021; 18.540 ;405;395;429;405;2121;2065;2086;2012;151;126;89;35;42;45;43;56;0;0;0;0;99;0;0;0
Ibipitanga;2912509;14.171; 13.905 ;530;503;501;467;1736;1678;1712;1658;87;67;87;111;88;107;92;103;0;0;0;6;509;0;0;67
Ibiquera;2912608;4.865; 3.722 ;166;156;165;146;629;593;596;557;48;40;37;46;10;8;7;7;0;0;0;65;0;0;239;225
Ibirapitanga;2912707;22.610; 27.341 ;1141;1078;1077;1056;4112;3953;4189;3619;688;665;762;589;231;265;232;281;229;240;286;256;0;0;0;149
Ibirapuã;2912806;7.960; 8.331 ;422;403;398;441;1362;1353;1367;1302;119;169;178;100;73;78;56;98;156;180;137;166;51;0;0;25
Ibirataia;2912905;18.946; 19.613 ;761;859;624;638;2811;2948;2621;2714;668;557;444;296;99;94;68;110;195;161;135;158;7;5;8;48
Ibitiara;2913002;15.519; 14.622 ;479;476;481;474;1811;1717;1692;1670;0;37;34;10;55;48;42;60;39;63;66;38;0;19;0;0
Ibititá;2913101;17.832; 17.954 ;611;615;589;585;2164;2204;2215;2140;140;83;66;35;81;112;65;98;125;113;112;111;0;0;17;43
Ibotirama;2913200;25.422; 26.611 ;1388;1551;1392;1260;3674;3972;3768;3693;183;209;169;93;116;148;119;148;0;0;21;5;0;0;0;174
Ichu;2913309;5.255; 6.192 ;312;327;390;309;733;854;822;796;0;0;0;56;34;46;52;104;172;145;200;189;0;0;0;235
Igaporã;2913408;15.194; 17.022 ;449;485;479;474;1790;1923;1893;1761;103;61;80;52;38;49;107;72;0;0;0;36;0;0;0;0
Igrapiúna;2913457;13.347; 13.077 ;572;540;622;585;2317;2228;2315;1918;17;0;281;330;112;95;105;116;61;53;74;196;312;0;608;613
Iguaí;2913507;25.724; 25.114 ;738;863;750;769;3239;3443;3048;2867;645;733;489;474;153;146;122;126;397;371;319;353;1913;861;592;631
Ilhéus;2913606;184.231; 197.163 ;2875;4282;2752;2994;14414;23028;15238;15907;1854;2528;1327;1361;1242;1880;1234;1430;184;397;338;295;532;359;16;283
Inhambupe;2913705;36.290; 33.771 ;1298;1474;1399;1454;5086;5157;4862;4643;924;984;1131;872;106;138;121;140;224;228;230;264;1;123;116;138
Ipecaetá;2913804;15.334; 16.230 ;572;562;859;766;1937;1795;1750;1666;879;672;1484;1658;167;176;163;141;308;290;499;550;370;0;1363;1459
Ipiaú;2913903;44.430; 43.078 ;1355;1811;1485;1444;4566;5418;4911;4370;500;537;737;658;334;445;380;403;599;597;647;680;141;121;132;314
Ipirá;2914000;59.352; 58.094 ;1363;1937;1479;1419;7384;8378;7414;6873;755;639;448;1686;235;260;251;250;641;620;702;689;108;106;141;152
Ipupiara;2914109;9.290; 9.925 ;457;417;425;462;1351;1332;1339;1321;81;83;76;67;20;24;17;17;119;109;118;134;693;0;0;0
Irajuba;2914208;7.002; 6.100 ;241;248;228;248;895;948;921;893;368;259;793;597;30;27;30;27;58;75;80;129;0;270;0;50
Iramaia;2914307;11.988; 10.755 ;259;327;307;324;1650;1591;1650;1579;726;762;732;462;70;74;82;72;0;184;161;62;0;0;0;0
Iraquara;2914406;22.607; 25.590 ;930;1009;978;1056;3340;3462;3258;3228;79;92;98;184;313;347;361;382;142;196;152;297;655;0;0;505
Irará;2914505;27.492; 27.984 ;1099;1254;1287;1219;3773;4186;3650;3582;657;529;900;815;98;115;119;176;363;358;411;562;998;32;2161;1641
Irecê;2914604;66.404; 76.491 ;1984;3159;2156;2057;6752;10873;7079;6890;483;405;202;162;562;769;642;802;451;609;561;636;1596;1596;1621;5146
Itabela;2914653;28.399; 27.691 ;896;1031;594;661;4582;5039;4936;4396;506;382;361;337;717;686;601;612;107;113;0;0;0;0;0;3
Itaberaba;2914703;61.623; 67.605 ;2294;2989;2537;2455;7823;8730;7919;7758;718;802;1135;969;404;563;578;673;396;497;431;528;274;363;341;488
Itabuna;2914802;204.710; 185.500 ;3668;4956;3772;3711;12621;21634;14013;14010;1496;1500;1480;1679;1744;2765;2133;2306;991;822;932;1030;1122;367;537;1804
Itacaré;2914901;24.340; 28.214 ;1126;1250;1129;1255;3850;4120;4066;4031;549;532;445;684;333;352;320;304;0;0;0;4;1;0;0;88
Itaeté;2915007;14.932; 14.031 ;625;618;640;632;2184;2179;2190;2058;55;81;165;322;20;28;43;56;20;41;65;67;0;13;0;0
Itagi;2915106;13.053; 13.925 ;476;497;491;478;1859;1982;1942;1655;659;690;1074;766;115;123;137;114;0;0;0;10;0;32;0;56
Itagibá;2915205;15.210; 15.556 ;462;550;508;507;2400;2508;2508;2470;299;267;276;220;273;279;215;215;60;61;50;115;69;0;0;218
Itagimirim;2915304;7.110; 7.037 ;406;375;461;343;993;1046;1021;964;319;146;294;295;50;45;89;96;257;133;185;190;56;0;0;289
Itaguaçu da Bahia;2915353;13.209; 13.116 ;453;434;420;440;2200;2045;2079;2057;93;0;0;15;31;42;34;54;0;0;0;0;546;0;0;5
Itaju do Colônia;2915403;7.278; 6.033 ;329;288;311;312;1093;1078;1068;967;140;163;157;173;22;24;108;116;0;0;0;0;0;0;0;0
Itajuípe;2915502;21.094; 19.913 ;620;753;647;615;2359;2852;2482;2433;597;499;528;364;208;246;237;240;0;0;0;0;1200;0;0;1
Itamaraju;2915601;63.355; 60.831 ;2169;2558;2105;2187;8299;9155;8382;7952;564;576;433;339;502;595;546;584;37;38;24;86;1125;0;0;186
Itamari;2915700;7.904; 7.050 ;333;326;318;261;1398;1136;1268;886;695;701;248;250;26;30;27;34;48;27;47;92;0;0;0;69
Itambé;2915809;23.106; 26.420 ;843;894;884;852;3137;3321;3187;3018;850;803;909;753;240;268;232;217;843;383;694;561;3137;248;2667;2663
Itanagra;2915908;7.591; 5.814 ;315;306;322;342;1082;1023;1076;1068;154;213;258;156;53;49;42;35;122;99;102;113;39;0;0;108
Itanhém;2916005;20.199; 19.025 ;580;614;533;481;2178;2223;2119;2056;1228;1377;1150;878;120;171;125;121;0;0;0;2;0;0;0;9
Itaparica;2916104;20.760; 19.738 ;824;828;1029;999;2331;2621;2386;2346;566;380;631;440;276;358;349;392;318;379;756;479;247;281;1027;787
Itapé;2916203;10.986; 10.327 ;422;442;440;398;1312;1330;1331;1254;254;227;242;272;182;204;193;208;226;211;237;219;821;0;613;596
Itapebi;2916302;10.497; 9.779 ;424;495;400;386;1441;1586;1341;1249;251;287;295;263;141;140;91;81;160;148;165;171;511;117;110;81
Itapetinga;2916401;68.314; 68.704 ;2111;2949;1944;2164;8570;9826;7880;7715;324;836;786;622;452;634;554;633;719;801;617;728;825;329;255;678
Itapicuru;2916500;32.278; 32.793 ;821;933;1293;1312;5154;5036;4872;4497;920;872;3220;3355;53;67;83;207;74;166;379;292;221;0;2111;2683
Itapitanga;2916609;10.207; 10.320 ;341;376;360;173;1047;1138;1025;976;435;474;636;594;102;118;95;79;108;137;139;25;53;147;0;0
Itaquara;2916708;7.678; 8.175 ;276;298;323;314;929;951;939;866;107;62;76;100;56;56;51;54;79;91;136;132;0;0;0;0
Itarantim;2916807;18.548; 17.035 ;605;605;583;592;2667;2647;2444;2386;0;57;114;79;58;55;55;86;70;57;101;102;1;0;0;202
Itatim;2916856;14.539; 15.749 ;996;1003;950;905;2179;2432;2175;2234;1194;1184;1101;1041;324;298;364;409;422;400;394;381;95;0;0;88
Itiruçu;2916906;12.693; 11.016 ;426;488;438;364;1007;1347;1030;934;145;140;164;163;62;75;72;67;344;365;430;364;209;136;148;356
Itiúba;2917003;36.112; 33.671 ;1954;1937;1874;1777;5276;5758;5176;4947;1081;1073;807;899;845;1014;821;851;670;582;702;848;1957;293;1057;4562
Itororó;2917102;19.911; 17.729 ;561;608;538;545;2195;2444;2144;1978;499;547;409;293;127;152;137;118;244;236;227;149;201;194;172;169
Ituaçu;2917201;18.127; 18.992 ;780;867;809;813;2625;2700;2600;2384;85;31;51;175;155;180;181;173;297;353;344;300;169;0;0;45
Ituberá;2917300;26.592; 21.974 ;865;978;893;827;3414;3786;3246;2936;386;174;127;274;163;175;177;207;349;257;353;322;19;0;0;18
Iuiu;2917334;10.905; 11.101 ;507;539;469;536;1425;1483;1397;1285;423;449;371;155;44;46;51;72;182;193;176;322;893;0;427;477
Jaborandi;2917359;8.976; 9.269 ;297;280;271;303;1226;1244;1286;1263;0;0;0;0;42;51;45;41;0;0;0;0;460;15;0;13
Jacaraci;2917409;13.656; 14.625 ;564;502;505;512;1467;1486;1437;1380;70;45;27;0;74;152;160;170;267;238;235;241;0;342;0;120
Jacobina;2917508;79.285; 88.296 ;2073;3140;2004;2095;8324;11440;8775;8649;549;732;523;541;310;477;358;434;800;835;711;852;0;23;0;173
Jaguaquara;2917607;51.019; 46.026 ;1738;2005;1688;1701;6602;8050;6528;6159;300;555;721;739;348;484;396;388;0;0;0;0;96;261;26;150
Jaguarari;2917706;30.342; 32.495 ;910;1441;1132;1116;3194;4505;3652;3578;302;329;267;175;154;229;211;247;0;0;0;32;600;70;0;258
Jaguaripe;2917805;16.467; 20.237 ;682;746;821;779;2893;2837;2850;2692;335;305;523;437;272;267;215;157;191;311;408;374;2;0;83;203
Jandaíra;2917904;10.322; 9.112 ;624;605;546;531;1798;1779;1784;1636;163;110;74;42;63;64;39;42;64;78;85;75;307;39;0;8
Jequié;2918001;151.921; 156.408 ;3405;5603;3690;3751;12712;21235;14838;14146;2195;2273;2365;2407;1734;2119;1850;1910;1024;1027;1374;1399;942;180;460;1095
Jeremoabo;2918100;37.661; 37.519 ;1545;1696;1802;1758;5408;5540;5225;5159;827;648;921;962;134;152;151;179;497;561;868;823;27;0;0;954
Jiquiriçá;2918209;14.087; 13.623 ;644;698;639;577;1877;1916;1886;1811;1140;1041;1377;1514;177;188;162;167;239;286;356;307;308;0;0;154
Jitaúna;2918308;14.115; 14.614 ;480;517;512;512;2059;2159;1886;1806;2182;1531;3051;2987;75;93;105;87;57;338;14;104;108;715;333;379
João Dourado;2918357;22.359; 26.186 ;1052;1271;1182;1221;3485;3969;3415;3313;271;245;239;176;164;238;249;304;306;442;534;316;71;348;222;331
Juazeiro;2918407;197.984; 244.406 ;9467;12503;9678;10236;22535;35867;25025;25126;1933;2294;1433;1350;736;1213;883;1018;1517;1338;1360;1793;5854;1076;1427;3266
Jucuruçu;2918456;9.960; 9.971 ;409;412;399;421;1545;1458;1498;1435;10;0;0;0;15;17;38;81;0;0;0;0;1;25;0;0
Jussara;2918506;15.053; 16.922 ;388;485;551;483;2272;2287;2220;2227;88;59;44;58;111;139;125;138;0;0;0;0;919;159;0;694
Jussari;2918555;6.467; 5.902 ;320;333;308;370;788;771;723;722;714;727;824;730;129;134;138;174;167;192;182;214;513;556;296;718
Jussiape;2918605;7.972; 7.381 ;270;276;251;268;767;794;785;744;21;26;21;31;15;19;16;15;125;118;102;130;0;0;0;0
Lafaiete Coutinho;2918704;3.901; 4.044 ;192;214;244;249;495;515;533;501;457;348;458;364;69;89;72;90;158;161;218;222;493;469;533;501
Lagoa Real;2918753;13.934; 13.990 ;373;376;396;388;1578;1522;1563;1483;90;89;46;74;40;43;43;49;0;0;0;1;0;0;0;15
Laje;2918803;22.206; 23.198 ;929;993;975;1012;3276;3327;3186;3079;208;239;137;437;204;239;212;222;339;269;352;449;190;0;0;226
Lajedão;2918902;3.733; 4.550 ;179;203;221;218;548;520;516;496;164;148;164;65;94;81;75;35;18;16;98;123;106;92;0;0
Lajedinho;2919009;3.930; 4.102 ;188;172;177;160;501;480;466;485;112;118;130;37;17;17;14;12;106;56;38;38;0;0;0;0
Lajedo do Tabocal;2919058;8.305; 7.486 ;452;418;442;407;991;987;931;892;136;104;600;695;51;64;52;50;210;166;215;391;570;0;100;489
Lamarão;2919108;9.027; 9.062 ;340;334;321;274;1467;1387;1415;1364;118;63;44;229;83;96;87;95;0;0;0;0;0;0;0;0
Lapão;2919157;25.651; 25.713 ;1494;1617;1604;1612;3636;3728;3584;3392;225;159;182;79;224;234;217;206;897;988;1367;1384;3198;1331;400;774
Lauro de Freitas;2919207;163.414; 220.437 ;4901;6868;5053;4974;18907;29086;19651;19164;3222;3136;2316;2165;959;1246;999;1003;2243;2491;2534;2524;4875;1406;1335;1711
Lençóis;2919306;10.368; 11.022 ;346;418;405;393;1512;1586;1455;1475;200;104;286;324;49;55;74;73;0;0;116;74;484;56;44;96
Licínio de Almeida;2919405;12.320; 11.848 ;533;506;512;486;1421;1559;1444;1426;46;30;38;33;68;97;83;81;54;119;130;121;148;254;183;177
Livramento de Nossa Senhora;2919504;42.705; 43.898 ;1011;1236;1103;1132;4949;5396;4722;4749;187;202;112;148;96;131;107;116;473;459;532;517;16;0;0;18
Luís Eduardo Magalhães;2919553;60.179; 108.271 ;4070;5221;4274;4506;13712;16378;14259;14807;1037;1253;829;1108;802;866;756;880;1361;1603;1696;1561;1508;646;221;585
Macajuba;2919603;11.229; 10.463 ;531;498;623;568;2176;2015;1959;1800;39;37;111;80;71;78;76;89;250;220;336;271;0;0;1323;1767
Macarani;2919702;17.088; 21.556 ;764;737;717;692;2330;2208;2223;2114;351;370;363;206;365;284;184;162;0;0;0;0;385;0;15;0
Macaúbas;2919801;47.067; 41.631 ;1556;1679;1665;1722;5400;5612;5085;4921;196;237;180;75;181;199;160;164;405;418;462;429;981;55;74;74
Macururé;2919900;8.067; 7.600 ;352;360;434;425;1139;1147;1180;1110;31;38;241;254;30;39;89;82;76;91;0;11;0;0;0;50
Madre de Deus;2919926;17.384; 18.767 ;492;825;698;525;1685;2569;1983;1837;244;121;155;115;80;90;77;125;492;632;698;525;1675;1766;1744;21
Maetinga;2919959;7.031; 6.968 ;303;287;272;248;947;971;931;885;58;42;31;38;19;25;36;37;162;209;205;189;43;38;1;20
Maiquinique;2920007;8.782; 9.452 ;391;387;428;371;1495;1465;1362;1252;307;286;317;243;174;195;166;149;0;0;0;0;0;0;0;0
Mairi;2920106;19.335; 16.122 ;498;535;517;501;2187;2135;2055;1993;139;209;182;53;199;171;87;65;252;251;252;233;100;0;0;1
Malhada;2920205;16.008; 15.426 ;486;567;530;482;2650;2524;2523;2455;252;195;161;144;132;148;236;255;0;11;0;2;371;21;3;35
Malhada de Pedras;2920304;8.452; 8.673 ;339;345;370;353;1001;1037;1055;1015;92;60;689;1416;28;65;70;93;115;61;88;102;261;82;149;139
Manoel Vitorino;2920403;14.390; 13.327 ;438;405;409;405;2120;2075;2025;1935;268;151;111;84;91;77;92;104;0;0;0;2;0;0;0;34
Mansidão;2920452;12.594; 13.902 ;438;373;435;407;1939;1707;1719;1622;0;0;0;0;42;38;28;20;50;0;0;0;22;0;0;0
Maracás;2920502;24.615; 27.747 ;1238;1370;1259;1213;3432;3657;3321;3212;182;316;216;196;248;308;258;234;0;0;0;175;272;207;177;191
Maragogipe;2920601;42.815; 38.394 ;1342;1511;1724;1477;4786;5040;4572;4341;386;548;419;350;239;265;277;314;672;651;923;764;894;11;11;120
Maraú;2920700;19.097; 24.713 ;788;896;959;955;3873;3724;3811;3726;832;596;546;459;179;188;235;205;0;0;45;2;155;98;161;156
Marcionílio Souza;2920809;10.508; 9.256 ;348;313;412;455;1477;1428;1470;1376;75;100;388;439;38;53;37;112;62;53;160;220;465;81;419;463
Mascote;2920908;14.640; 11.991 ;586;527;477;529;2109;2003;1953;1836;284;166;82;213;77;78;84;347;0;0;0;1;11;0;0;1
Mata de São João;2921005;40.210; 48.698 ;2238;2583;2307;2536;7129;7879;7441;7196;711;690;461;273;352;441;336;416;1876;2123;2166;2436;5208;5977;5745;6332
Matina;2921054;11.134; 10.338 ;404;440;456;436;1702;1625;1661;1591;110;116;97;88;136;156;136;133;133;141;141;145;185;0;0;0
Medeiros Neto;2921104;21.541; 23.096 ;797;836;846;798;3243;3258;2990;3097;189;204;192;189;143;146;135;176;282;234;266;260;0;24;0;44
Miguel Calmon;2921203;26.466; 27.817 ;870;1073;983;941;3172;3637;3119;3074;442;450;358;261;95;105;96;114;0;0;0;12;107;0;0;68
Milagres;2921302;10.306; 11.076 ;471;532;492;441;1533;1532;1504;1407;198;188;152;83;32;33;39;41;55;110;120;124;0;71;0;9
Mirangaba;2921401;16.323; 15.050 ;723;638;694;713;2256;2235;2294;2229;513;299;311;225;108;137;147;172;270;267;298;323;1;0;0;49
Mirante;2921450;10.512; 10.072 ;315;283;310;314;1249;1280;1288;1226;75;44;36;39;24;52;60;53;0;0;0;0;56;52;8;66
Monte Santo;2921500;52.360; 47.758 ;2098;2229;2586;2362;7852;7941;7766;7401;0;0;1198;2350;141;186;270;497;456;446;515;335;1;112;73;55
Morpará;2921609;8.285; 8.303 ;258;266;335;319;1241;1200;1241;1227;151;133;78;95;87;113;63;51;0;0;0;0;0;0;0;0
Morro do Chapéu;2921708;35.207; 33.389 ;1140;1436;1193;1238;4573;5191;4465;4328;294;237;274;319;153;244;175;169;282;288;285;328;132;77;0;357
Mortugaba;2921807;12.482; 11.131 ;441;454;449;444;1462;1470;1450;1386;76;31;39;43;34;47;117;160;185;183;208;382;163;0;0;147
Mucugê;2921906;10.548; 12.988 ;452;473;409;384;1814;1869;1665;1633;157;196;145;60;34;34;38;49;157;143;101;59;0;0;0;0
Mucuri;2922003;36.043; 38.082 ;1468;1869;1612;1571;5286;6321;5489;5194;788;522;1489;1477;364;522;640;764;393;464;559;559;41;88;49;227
Mulungu do Morro;2922052;12.270; 13.166 ;553;489;564;626;2169;1978;2011;1921;0;112;84;98;166;193;189;228;131;100;43;161;1582;1429;1584;1879
Mundo Novo;2922102;24.419; 20.564 ;642;710;632;651;2588;2696;2397;2302;224;186;162;816;48;61;45;67;338;317;248;407;437;91;18;1554
Muniz Ferreira;2922201;7.310; 7.165 ;289;303;334;312;877;869;900;886;31;39;45;43;16;21;20;15;93;81;80;66;22;0;0;0
Muquém do São Francisco;2922250;10.272; 11.029 ;663;639;672;669;2084;2009;2058;1911;403;242;307;339;70;70;73;72;0;19;0;5;112;0;0;28
Muritiba;2922300;28.897; 28.558 ;826;1090;1246;1327;2457;3442;2810;3038;1058;639;1970;2615;108;127;138;484;104;259;750;598;908;0;2802;2581
Mutuípe;2922409;21.466; 20.028 ;735;840;854;848;2826;2846;2625;2561;265;303;260;272;116;124;132;146;226;220;167;230;303;123;0;238
Nazaré;2922508;27.269; 28.181 ;942;1196;1302;1314;2883;3762;3770;3332;2404;3779;5428;6052;240;294;254;269;468;475;668;734;2563;2486;2672;2252
Nilo Peçanha;2922607;12.530; 12.032 ;621;566;604;621;2118;2000;2106;2057;535;276;1233;1377;57;73;163;215;273;230;108;121;775;542;0;149
Nordestina;2922656;12.398; 18.536 ;533;536;624;604;2165;2083;2015;1959;0;0;0;508;108;121;102;151;0;0;0;0;0;0;905;0
Nova Canaã;2922706;16.727; 15.959 ;503;586;680;691;2047;2015;2011;1832;542;503;614;692;90;160;321;302;270;305;680;691;492;1309;1993;1787
Nova Fátima;2922730;7.602; 7.958 ;263;339;338;250;843;926;890;881;256;234;299;245;75;100;76;75;263;253;166;250;843;781;890;881
Nova Ibiá;2922755;6.648; 8.325 ;304;350;328;319;930;971;913;857;545;611;491;529;51;78;62;68;112;112;104;109;320;0;0;116
Nova Itarana;2922805;7.438; 7.820 ;375;357;400;436;1307;1285;1260;1180;288;225;244;233;110;114;98;102;0;0;0;6;280;98;0;547
Nova Redenção;2922854;8.034; 7.525 ;302;324;324;335;1039;1026;1025;1000;136;156;116;66;49;108;101;95;0;0;0;14;0;0;0;28
Nova Soure;2922904;24.132; 24.206 ;804;833;731;726;3846;3931;3824;3468;337;348;243;759;55;107;72;74;273;285;332;297;1017;0;0;257
Nova Viçosa;2923001;38.537; 41.089 ;1739;1892;1736;1747;6137;6553;6072;5922;552;478;288;331;137;170;152;444;637;620;702;748;424;1;0;97
Novo Horizonte;2923035;10.673; 11.163 ;408;420;432;439;1465;1434;1413;1413;40;48;0;23;29;31;31;97;0;0;0;20;0;0;0;234
Novo Triunfo;2923050;15.057; 10.666 ;407;459;562;446;1355;1303;1007;1161;86;30;1316;1817;46;40;75;77;217;234;533;418;82;214;401;587
Olindina;2923100;24.943; 22.615 ;715;801;618;701;3439;3561;3606;2957;534;450;715;820;58;68;75;275;131;131;130;167;0;0;0;573
Oliveira dos Brejinhos;2923209;21.839; 22.850 ;629;627;587;639;2858;2855;2827;2715;68;37;0;68;107;109;86;85;22;0;0;0;0;0;0;0
Ouriçangas;2923308;8.287; 7.728 ;358;359;381;353;990;945;1026;993;225;273;219;263;24;26;16;20;159;219;381;353;105;372;658;589
Ourolândia;2923357;16.477; 19.322 ;695;828;755;724;2875;3044;2726;2779;181;231;135;133;323;267;242;190;157;220;536;111;1;0;2726;88
Palmas de Monte Alto;2923407;20.779; 20.091 ;665;772;672;662;2670;2835;2624;2452;1185;809;665;361;80;81;62;55;173;379;672;662;0;572;2624;2424
Palmeiras;2923506;8.408; 10.383 ;368;406;363;340;1437;1512;1451;1385;51;91;68;47;20;54;43;46;22;12;29;29;16;0;0;0
Paramirim;2923605;20.998; 20.378 ;512;739;532;504;1920;2371;1894;1911;192;220;127;92;43;120;72;84;126;103;98;96;245;39;0;25
Paratinga;2923704;29.475; 28.947 ;1322;1308;1225;1294;5068;5078;4995;4851;383;299;202;212;56;59;54;69;409;257;169;304;721;0;0;13
Paripiranga;2923803;27.782; 26.609 ;905;1034;867;886;3503;3774;3325;3246;106;190;147;447;55;84;67;90;63;82;44;57;716;0;0;18
Pau Brasil;2923902;10.853; 10.669 ;409;444;413;425;1308;1608;1166;1133;149;173;80;82;43;49;48;53;0;0;0;0;511;0;0;1
Paulo Afonso;2924009;108.419; 118.412 ;2771;4172;2651;2582;12701;16524;13297;13051;1217;1198;893;770;636;931;733;816;574;589;480;453;744;36;5;113
Pé de Serra;2924058;13.752; 13.242 ;499;548;559;482;1509;1800;1588;1535;221;177;204;226;193;231;176;166;0;0;0;3;273;53;251;769
Pedrão;2924108;6.896; 6.229 ;282;272;292;270;861;854;920;915;109;106;90;178;50;57;70;82;0;0;0;0;0;0;0;0
Pedro Alexandre;2924207;16.995; 14.056 ;741;619;721;794;2272;2250;2227;2162;355;196;283;275;74;93;74;38;317;216;237;356;1;0;0;0
Piatã;2924306;17.985; 20.098 ;884;877;826;845;2956;2860;2855;2868;63;64;51;56;175;191;366;354;140;139;143;328;838;0;0;736
Pilão Arcado;2924405;32.815; 35.326 ;1182;1446;1082;1268;6356;6743;6189;6061;143;154;164;465;79;95;88;107;499;713;476;678;688;28;0;0
Pindaí;2924504;15.629; 14.740 ;572;631;551;573;1843;1942;1771;1764;123;139;95;137;189;197;193;222;18;22;18;70;0;0;0;88
Pindobaçu;2924603;20.119; 19.133 ;1077;1130;1109;1108;2827;2872;2994;2751;538;558;984;938;87;111;118;145;1011;1033;1109;1108;516;182;2994;2751
Pintadas;2924652;10.345; 9.805 ;263;283;296;300;1305;1243;1287;1151;58;37;69;205;36;38;35;44;0;0;0;0;0;0;0;0
Piraí do Norte;2924678;9.835; 10.200 ;344;347;387;333;1248;1301;1289;1180;222;182;181;142;39;35;37;40;0;0;49;4;0;0;12;14
Piripá;2924702;12.789; 9.158 ;341;325;332;379;1289;1271;1303;1288;108;52;29;0;57;63;57;68;0;0;0;0;111;0;0;21
Piritiba;2924801;22.411; 17.549 ;533;726;682;651;2424;2766;2373;2212;109;158;80;58;64;65;63;91;0;0;0;10;185;0;26;205
Planaltino;2924900;8.822; 8.012 ;392;395;375;331;1127;1087;1055;1037;243;273;426;193;57;67;51;48;162;128;121;86;621;86;82;22
Planalto;2925006;24.497; 23.290 ;705;823;626;673;3449;3624;3469;3124;395;354;492;336;96;114;132;146;233;228;194;194;282;9;0;3
Poções;2925105;44.760; 48.197 ;1513;1611;1295;1475;6803;7186;6701;6370;825;792;821;632;405;428;472;562;636;636;468;682;331;0;0;173
Pojuca;2925204;33.064; 33.079 ;828;1240;929;889;3663;5225;3405;3370;462;382;528;331;264;309;293;302;57;139;54;72;0;232;0;823
Ponto Novo;2925253;15.741; 17.941 ;1046;1048;864;849;2732;2688;2615;2471;607;787;1128;1150;250;249;250;220;930;945;796;805;1449;1957;2021;2091
Porto Seguro;2925303;126.770; 158.736 ;5121;6792;5515;5684;21876;26027;23323;22407;2815;2642;2717;2098;2104;2339;2052;1840;941;963;860;1358;1599;338;51;492
Potiraguá;2925402;9.829; 11.524 ;435;412;364;443;1543;1495;1466;1519;55;140;101;147;27;51;23;113;81;58;57;85;2;0;0;26
Prado;2925501;27.612; 31.715 ;1390;1629;1563;1559;4581;5299;4556;4672;372;565;344;329;113;225;125;152;0;152;50;574;533;28;0;39
Presidente Dutra;2925600;13.756; 15.133 ;510;543;612;587;1758;1833;1762;1729;67;83;78;48;55;59;63;51;0;0;0;6;832;0;0;211
Presidente Jânio Quadros;2925709;13.657; 12.627 ;483;441;516;581;1605;1592;1592;1608;99;66;258;141;43;42;75;71;111;113;92;0;1398;1376;1277;0
Presidente Tancredo Neves;2925758;23.857; 27.662 ;868;980;924;835;4481;4515;4231;4017;126;175;215;564;145;189;228;276;0;15;10;45;784;1;2;185
Queimadas;2925808;24.583; 26.027 ;856;916;928;887;3430;3470;3370;3326;322;353;267;649;224;302;296;404;0;0;0;0;0;1;1;474
Quijingue;2925907;27.243; 27.317 ;1105;1099;1237;1290;4153;4008;3796;3558;275;205;432;377;112;115;140;141;391;456;587;519;397;17;0;66
Quixabeira;2925931;9.548; 9.429 ;523;484;512;523;1196;1215;1163;1125;631;595;1272;2080;234;278;254;329;421;357;351;392;551;878;899;950
Rafael Jambeiro;2925956;25.555; 20.242 ;819;824;881;829;3285;3115;3081;2898;340;330;303;180;77;113;75;74;0;0;0;0;493;108;0;1
Remanso;2926004;39.149; 40.531 ;1787;1819;1765;1733;5641;6485;5481;5356;523;438;342;305;228;242;243;306;203;206;161;236;515;0;0;65
Retirolândia;2926103;12.059; 13.654 ;515;680;631;638;1507;1851;1528;1417;206;162;159;175;184;301;155;160;283;284;350;373;200;0;0;54
Riachão das Neves;2926202;21.941; 22.289 ;690;749;666;739;3506;3464;3454;3462;245;263;168;169;115;136;115;132;77;109;88;108;64;0;33;28
Riachão do Jacuípe;2926301;33.081; 33.422 ;752;1250;807;777;2950;4156;3064;2938;132;244;114;148;221;348;246;266;160;146;120;194;188;6;0;460
Riacho de Santana;2926400;30.651; 39.127 ;994;1095;991;931;3763;3973;3757;3554;215;174;195;172;157;173;194;238;847;794;838;811;111;0;15;153
Ribeira do Amparo;2926509;14.267; 13.831 ;612;643;719;722;2071;2040;2105;1993;332;237;147;453;71;69;59;59;151;161;222;206;611;0;61;432
Ribeira do Pombal;2926608;48.271; 53.997 ;1908;2348;2121;2035;6911;8208;6914;6528;1314;564;1692;2008;326;378;443;541;927;962;1032;1053;1156;298;541;1116
Ribeirão do Largo;2926657;8.573; 10.382 ;422;406;499;464;1616;1509;1520;1394;288;313;351;292;94;95;102;107;22;69;76;79;307;0;0;51
Rio de Contas;2926707;12.979; 13.634 ;392;423;458;471;1319;1385;1349;1407;36;33;24;28;18;24;23;37;86;82;85;86;575;166;0;0
Rio do Antônio;2926806;14.786; 13.098 ;440;410;446;427;1644;1705;1630;1552;72;0;80;65;67;65;53;59;0;0;0;0;324;0;0;0
Rio do Pires;2926905;11.923; 9.585 ;312;289;229;258;1201;1233;1173;1086;0;0;0;20;25;61;46;84;95;80;62;92;33;34;41;16
Rio Real;2927002;37.127; 35.378 ;1452;1800;1549;1494;5041;5615;4874;4655;364;360;326;147;132;167;137;139;1009;1007;1164;1030;7;0;99;108
Rodelas;2927101;7.779;10.303(28);521;595;519;536;1514;1587;1537;1515;73;144;116;83;10;24;20;30;0;0;0;0;204;193;0;0
Ruy Barbosa;2927200;29.869; 30.172 ;1046;1278;1037;1087;3644;4086;3647;3480;281;305;165;103;259;388;273;236;500;495;521;553;26;0;0;0
Salinas da Margarida;2927309;13.465; 14.989 ;942;936;1053;989;2076;2308;2274;2321;301;236;184;190;51;77;83;87;518;532;613;562;1;0;0;0
Salvador;2927408;2.676.606; 2.610.987 ;25892;69617;25804;26300;97177;267034;107319;107125;17305;31358;15298;10909;5864;11777;6467;6578;10991;23830;9942;8860;6196;11846;2241;2381
Santa Bárbara;2927507;19.064; 22.446 ;597;743;662;637;2450;3318;2848;2762;116;195;326;360;175;239;213;253;146;156;196;201;0;160;0;23
Santa Brígida;2927606;15.059; 14.979 ;552;562;507;513;2370;2304;2346;2288;203;252;168;195;53;58;59;65;86;81;96;90;0;0;1;0
Santa Cruz Cabrália;2927705;26.198; 30.385 ;1372;1453;1255;1511;4980;5290;5560;5221;604;694;896;802;539;571;544;581;168;181;149;234;120;0;0;183
Santa Cruz da Vitória;2927804;6.673; 4.672 ;293;249;290;301;762;703;671;655;158;260;281;323;41;73;43;54;152;129;154;132;0;0;0;8
Santa Inês;2927903;10.363; 10.293 ;423;529;522;449;1059;1259;1154;1152;232;175;231;555;116;133;121;195;228;235;262;449;0;0;0;1152
Santa Luzia;2928059;13.332; 11.776 ;505;539;537;569;1690;1733;1634;1622;402;362;380;453;73;82;106;186;221;215;223;246;200;0;0;0
Santa Maria da Vitória;2928109;40.316; 38.686 ;1409;1473;1218;1319;5213;5913;5331;4940;141;198;198;95;253;236;206;201;453;470;399;493;657;5;122;79
Santa Rita de Cássia;2928406;26.261; 28.084 ;1104;1265;1156;1095;3585;4246;3808;3674;192;159;100;91;114;128;147;149;0;0;0;8;0;36;0;479
Santa Terezinha;2928505;9.658; 9.790 ;397;408;477;455;1288;1300;1353;1254;179;118;191;189;42;50;102;80;0;0;0;1;0;0;0;33
Santaluz;2928000;33.816; 37.079 ;1448;1729;1521;1455;4557;5178;4628;4366;414;527;439;712;241;291;369;438;434;420;1042;1263;1508;0;4599;1443
Santana;2928208;24.747; 24.778 ;715;785;684;747;3598;3749;3345;3243;75;67;27;25;98;115;87;86;129;184;107;151;648;0;0;19
Santanópolis;2928307;8.781; 9.831 ;346;356;353;365;1348;1363;1318;1287;135;100;80;144;36;36;38;84;0;0;0;3;0;0;0;62
Santo Amaro;2928604;57.811; 55.935 ;2319;2709;2635;2354;5786;7275;5915;5675;741;405;1095;1290;313;259;280;313;1967;1551;2476;1902;5413;104;853;157
Santo Antônio de Jesus;2928703;90.949; 103.055 ;2306;4656;2398;2621;7911;14036;7975;8111;1091;1043;886;595;518;855;569;591;710;951;716;983;598;3;0;138
Santo Estêvão;2928802;47.901; 55.696 ;1582;2389;1883;1849;6457;8158;6965;6869;354;549;238;239;373;465;405;489;145;201;268;288;259;0;0;0
São Desidério;2928901;27.692; 36.793 ;1027;1351;1138;1208;5322;5714;5189;5207;164;152;98;83;168;177;158;162;39;143;169;195;1;0;0;81
São Domingos;2928950;9.221; 8.417 ;252;388;319;319;918;1028;906;882;55;63;62;177;44;53;55;75;90;119;109;145;134;0;45;564
São Felipe;2929107;20.305; 20.286 ;733;904;984;900;2297;2618;2195;2140;690;371;1689;2350;192;207;148;166;519;538;688;677;262;234;240;711
São Félix;2929008;14.099; 10.946 ;405;465;458;360;1187;1326;1247;1134;157;95;156;164;96;97;99;129;154;111;127;256;94;0;0;471
São Félix do Coribe;2929057;13.042; 15.704 ;671;737;707;749;2134;2321;2203;2133;82;109;83;79;48;59;65;74;0;0;0;17;55;6;5;37
São Francisco do Conde;2929206;33.172; 37.892 ;1977;2118;1983;1936;5234;5513;5424;5188;672;730;516;592;180;365;224;227;542;631;657;511;1223;453;466;452
São Gabriel;2929255;18.419; 18.417 ;569;679;719;678;2514;2769;2494;2452;184;162;142;127;73;101;98;83;24;163;244;246;202;126;0;619
São Gonçalo dos Campos;2929305;33.289; 39.570 ;668;1112;885;826;3311;4072;3411;3327;589;693;385;459;96;94;105;111;21;50;68;0;1;0;27;32
São José da Vitória;2929354;5.715; 5.321 ;158;167;159;215;883;821;797;798;104;137;134;106;48;45;34;41;0;0;0;0;0;0;0;0
São José do Jacuípe;2929370;10.213; 10.195 ;451;507;522;536;1462;1459;1410;1342;179;144;206;407;58;55;50;55;243;217;285;302;58;0;0;880
São Miguel das Matas;2929404;10.414; 10.334 ;320;379;421;327;1317;1414;1178;1094;56;116;118;80;111;118;91;86;84;73;125;94;0;0;0;0
São Sebastião do Passé;2929503;42.153; 40.376 ;1076;1821;1219;1187;4404;5402;4435;4286;366;483;344;251;111;134;116;133;359;598;511;417;295;187;162;231
Sapeaçu;2929602;16.597; 17.993 ;680;814;890;883;2108;2471;2132;2200;916;1138;2280;3842;133;156;165;202;119;123;282;301;1835;1638;1487;2016
Sátiro Dias;2929701;18.588; 16.021 ;680;673;759;944;2431;2364;2343;2654;867;484;447;968;86;76;66;98;265;246;328;461;34;0;0;2259
Saubara;2929750;11.201; 11.433 ;441;687;578;523;1236;1629;1315;1285;85;33;54;50;45;63;44;46;196;296;389;374;121;119;118;94
Saúde;2929800;11.847; 10.482 ;315;395;403;314;1544;1597;1451;1374;243;239;350;243;103;124;124;138;97;86;174;109;177;78;0;98
Seabra;2929909;41.815; 49.587 ;1436;1766;1584;1583;5707;6696;5773;5468;267;196;112;57;479;627;553;550;256;349;373;357;306;129;0;233
Sebastião Laranjeiras;2930006;10.372; 9.373 ;402;361;350;342;1129;1135;1189;1177;121;73;52;30;27;31;25;31;0;0;0;0;0;0;0;7
Senhor do Bonfim;2930105;74.431; 77.514 ;1757;3272;2077;1882;6339;10316;6966;6690;609;528;888;622;380;512;427;445;91;227;202;162;1008;20;550;754
Sento Sé;2930204;37.431; 37.389 ;1449;1499;1508;1539;5775;5837;5897;5697;580;531;401;491;185;228;223;238;0;0;0;18;4052;4203;876;2595
Serra do Ramalho;2930154;31.646; 34.270 ;1697;1718;1790;1773;5542;5407;5516;5416;164;261;270;518;214;249;356;438;120;117;54;84;1676;36;78;245
Serra Dourada;2930303;18.112; 16.691 ;539;544;513;494;2106;2260;2115;2103;55;16;24;49;74;96;85;90;120;135;78;85;0;0;0;17
Serra Preta;2930402;15.401; 18.090 ;448;605;555;484;2195;2228;2115;1998;209;205;205;112;98;132;210;241;0;0;0;0;0;0;0;31
Serrinha;2930501;77.285; 85.696 ;3262;4300;4215;3962;8434;11365;9458;9135;2829;3005;3129;3387;541;883;881;990;2130;2307;2951;2992;4096;4007;0;432
Serrolândia;2930600;12.347; 13.320 ;565;587;605;654;1524;1644;1556;1504;569;420;363;360;319;319;181;149;392;380;459;505;0;0;0;74
Simões Filho;2930709;118.020; 127.093 ;3809;4804;4568;4411;12348;16861;12825;12665;1729;1622;1970;1691;334;480;549;647;725;918;1218;1591;786;779;625;2199
Sítio do Mato;2930758;12.051; 13.408 ;478;514;516;529;2293;2173;2188;2179;40;77;40;50;25;29;33;20;0;0;0;0;0;0;0;0
Sítio do Quinto;2930766;12.603; 14.778 ;399;428;405;410;1731;1774;1686;1541;44;334;365;729;208;203;226;272;103;88;111;125;57;1;1;132
Sobradinho;2930774;21.988; 24.799 ;834;1055;849;888;3035;3578;3217;3212;377;477;288;328;113;127;111;144;269;372;251;260;1051;138;67;619
Souto Soares;2930808;15.899; 16.904 ;614;674;583;699;2423;2402;2329;2207;0;0;0;141;54;78;57;115;175;133;124;229;1193;165;165;282
Tabocas do Brejo Velho;2930907;11.428; 11.990 ;389;391;357;378;1765;1673;1707;1623;73;39;38;48;40;43;30;30;0;0;0;0;0;0;0;0
Tanhaçu;2931004;20.022; 21.407 ;651;837;741;718;2701;2852;2620;2527;175;181;158;96;169;163;149;101;249;294;416;427;184;158;100;144
Tanque Novo;2931053;16.133; 18.459 ;640;701;703;714;2463;2502;2355;2323;124;110;76;115;127;140;138;195;177;209;240;163;0;109;0;85
Tanquinho;2931103;8.008; 7.729 ;271;262;244;201;631;1109;862;857;96;97;100;60;13;19;20;24;106;139;203;75;0;0;0;0
Taperoá;2931202;18.791; 18.016 ;655;746;682;694;2379;2877;2724;2616;1951;1943;1965;1936;104;97;110;266;229;232;246;251;243;126;92;165
Tapiramutá;2931301;16.528; 15.884 ;559;619;595;535;2183;2235;2053;1917;92;180;148;104;85;92;56;48;253;224;246;206;507;722;231;199
Teixeira de Freitas;2931350;138.491; 147.454 ;3992;5136;3917;3607;17327;21416;17548;16362;2131;1728;1340;1156;719;1119;834;1045;1192;1160;1188;1138;474;30;0;48
Teodoro Sampaio;2931400;7.895; 7.220 ;269;291;275;261;858;870;858;815;243;159;0;0;83;93;48;60;0;0;0;0;0;0;1;1
Teofilândia;2931509;21.484; 21.811 ;1042;1184;1179;1128;3479;3905;3346;3092;608;511;579;531;72;79;66;87;0;0;0;171;0;1;0;426
Teolândia;2931608;14.850; 15.892 ;1039;786;1120;908;2296;2258;2282;2264;333;172;213;189;57;59;98;128;268;145;208;119;308;0;0;7
Terra Nova;2931707;12.806; 10.802 ;481;531;461;467;1381;1601;1269;1244;351;286;234;203;115;168;136;109;350;223;334;335;1357;1199;1069;571
Tremedal;2931806;17.032; 17.497 ;454;466;425;455;2257;2161;2117;2050;95;110;99;688;77;104;86;131;156;200;224;245;0;0;0;409
Tucano;2931905;52.391; 48.062 ;2500;2696;2632;2478;6822;7414;6636;6416;639;687;980;1069;360;393;340;410;690;684;750;716;1;0;0;77
Uauá;2932002;24.302; 24.654 ;917;1022;1177;1165;3244;3381;3287;3174;176;232;123;1647;140;198;172;215;125;141;123;332;1013;47;54;125
Ubaíra;2932101;19.759; 18.605 ;723;808;888;913;2557;2717;2525;2286;346;205;381;336;154;156;167;197;207;195;276;345;516;249;0;110
Ubaitaba;2932200;20.697; 17.626 ;658;719;664;760;2601;2683;2366;2265;376;304;395;321;639;667;577;558;180;279;365;206;898;82;0;99
Ubatã;2932309;25.015; 18.161 ;769;839;740;709;2074;2355;2029;1891;641;522;883;647;140;162;223;214;330;312;296;344;208;0;0;265
Uibaí;2932408;13.655; 14.844 ;360;458;365;404;1471;1692;1487;1456;104;140;107;50;45;48;47;55;0;0;0;0;0;0;0;1
Umburanas;2932457;17.010; 13.511 ;526;613;500;483;2170;2221;2070;2023;167;130;86;52;142;162;140;127;166;188;145;171;347;0;0;35
Una;2932507;24.106; 17.998 ;785;745;722;746;2841;2933;2878;2712;473;527;549;540;281;340;302;409;256;225;249;269;594;679;851;816
Urandi;2932606;16.499; 15.365 ;533;526;557;568;2059;1995;1922;1798;119;146;95;88;76;63;119;141;110;108;96;104;16;0;0;687
Uruçuca;2932705;19.840; 21.365 ;782;812;823;796;3065;3272;3142;3012;861;523;567;675;252;264;271;289;190;180;53;272;69;0;1;170
Utinga;2932804;18.193; 16.285 ;553;715;594;509;2075;2446;2032;1863;152;173;60;67;56;75;75;101;208;188;239;178;0;0;0;0
Valença;2932903;88.729; 96.226 ;2937;3978;3510;3570;9165;11620;9089;9061;1875;1576;1724;1741;400;520;370;433;1638;1475;1512;1716;408;208;1;68
Valente;2933000;24.579; 23.683 ;902;1087;1089;979;2668;3425;2257;2145;304;207;1521;1868;170;189;216;275;425;379;1089;712;535;113;1175;1317
Várzea da Roça;2933059;13.787; 13.043 ;379;443;490;501;1623;1638;1526;1395;253;190;389;783;107;117;106;142;109;99;193;210;513;0;0;363
Várzea do Poço;2933109;8.664; 8.115 ;326;381;395;377;946;1062;898;866;130;78;109;74;41;47;36;40;249;249;343;329;98;0;409;399
Várzea Nova;2933158;13.127; 13.369 ;367;521;619;489;1827;1914;1855;1817;257;163;116;102;127;130;128;136;22;17;64;21;68;0;444;96
Varzedo;2933174;9.121; 9.913 ;301;388;326;290;1112;1239;1125;1097;97;100;73;50;85;108;78;94;87;88;110;84;0;0;0;50
Vera Cruz;2933208;37.587; 40.915 ;1757;1963;2034;1845;4660;5193;4930;4938;996;861;1276;765;463;518;527;604;925;847;966;880;811;533;809;1014
Vereda;2933257;6.802; 7.072 ;283;282;301;236;957;910;884;870;140;198;236;144;93;100;31;47;59;60;70;28;263;0;0;0
Vitória da Conquista;2933307;306.374; 387.524 ;7900;11815;8448;8537;31551;48107;33165;33522;4718;5734;4475;3618;1078;1517;1132;1248;3110;3283;3138;3271;3859;2522;3980;2332
Wagner;2933406;8.983; 8.861 ;307;362;329;332;1161;1249;1190;1090;108;87;51;32;34;42;35;63;119;163;145;121;39;91;95;151
Wanderley;2933455;12.485; 13.071 ;673;669;641;654;1821;1819;1805;1788;285;331;540;442;86;83;82;132;315;281;274;349;182;0;0;252
Wenceslau Guimarães;2933505;22.181; 26.279 ;1057;1049;1040;1125;3398;3478;3406;3215;1280;1004;865;693;123;139;112;113;170;197;171;208;330;0;0;11
Xique-Xique;2933604;45.562; 46.328 ;2557;2803;2863;2842;7344;7652;7080;7063;1470;1319;1280;1482;202;255;310;323;0;0;19;736;1242;97;40;2219
